2026-07-02 22:08:13.271284,46154
2026-07-03 06:00:01.925186,24345
2026-07-04 06:00:01.972942,25156
2026-07-05 06:00:01.264913,65216
2026-07-06 06:00:01.612261,11435
2026-07-07 06:00:01.033874,21661
2026-07-08 06:00:01.553549,56232
2026-07-09 06:00:01.067463,21566
2026-07-10 06:00:01.341444,25434
2026-07-11 06:00:01.901496,54526
2026-07-12 06:00:01.304572,32163
2026-07-13 06:00:01.648383,32236
2026-07-14 06:00:01.979496,14334
2026-07-15 06:00:01.886934,25641
2026-07-16 06:00:01.332570,64241
2026-07-17 06:00:01.103609,23314
2026-07-18 06:00:01.514392,31232
2026-07-19 06:00:01.146200,33153
2026-07-20 06:00:01.599023,61323
2026-07-21 06:00:01.189775,25431
2026-07-22 06:00:01.262204,12541
2026-07-23 06:00:01.760787,54532
