2026-07-02 22:08:13.271284,46154
2026-07-03 06:00:01.925186,24345
2026-07-04 06:00:01.972942,25156
2026-07-05 06:00:01.264913,65216
2026-07-06 06:00:01.612261,11435
2026-07-07 06:00:01.033874,21661
2026-07-08 06:00:01.553549,56232
2026-07-09 06:00:01.067463,21566
2026-07-10 06:00:01.341444,25434
2026-07-11 06:00:01.901496,54526
2026-07-12 06:00:01.304572,32163
2026-07-13 06:00:01.648383,32236
2026-07-14 06:00:01.979496,14334
2026-07-15 06:00:01.886934,25641
2026-07-16 06:00:01.332570,64241
2026-07-17 06:00:01.103609,23314
2026-07-18 06:00:01.514392,31232
2026-07-19 06:00:01.146200,33153
2026-07-20 06:00:01.599023,61323
2026-07-21 06:00:01.189775,25431
2026-07-22 06:00:01.262204,12541
2026-07-23 06:00:01.760787,54532
2026-07-24 06:00:01.616473,56545
2026-07-25 06:00:01.736314,41436
2026-07-26 06:00:01.052377,66134
2026-07-27 06:00:01.208312,45561
2026-07-28 06:00:01.882174,23614
2026-07-29 06:00:01.816301,56136
2026-07-30 06:00:01.791779,33442
2026-07-31 06:00:01.843908,36156
2026-08-01 06:00:01.726695,62455
2026-08-02 06:00:01.525532,61253
2026-08-03 06:00:01.884024,32635
2026-08-04 06:00:01.231426,45143
2026-08-05 06:00:01.765681,51234
2026-08-06 06:00:01.169905,23362
2026-08-07 06:00:01.619120,56545
2026-08-08 06:00:01.110239,63146
2026-08-09 06:00:01.746183,12631
2026-08-10 06:00:01.106735,44242
2026-08-11 06:00:01.498527,55633
2026-08-12 06:00:01.590029,45526
2026-08-13 06:00:01.807729,46111
2026-08-14 06:00:01.513287,51264
2026-08-15 06:00:01.965647,35265
2026-08-16 06:00:01.588565,16644
2026-08-17 06:00:01.906740,41164
2026-08-18 06:00:01.788542,65133
